tota_name	tota_number	date_signed	p1	p2	year	decade	region	composition	crossregional	wto
Turkey - Israel	99	1996-03-14	ISR	TUR	1996	199	Middle East; Europe	Bilateral	Yes	Yes
EU - Tunisia	98	1995-07-07	AUT BEL DEU DNK ESP FIN FRA GBR GRC IRL ITA LUX NLD PRT SWE TUN		1995	199	Europe; Africa	Bilateral; One Party is an RTA	Yes	Yes
Eurasian Economic Community (EAEC)	97	1996-03-29	BLR KAZ KGZ RUS TJK		1996	199	Commonwealth of Independent States (CIS)	Plurilateral	No	No
Kyrgyz Republic - Uzbekistan	96	1996-12-24	KGZ	UZB	1996	199	Commonwealth of Independent States (CIS)	Bilateral	No	No
Kyrgyz Republic - Ukraine	95	1995-05-26	KGZ	UKR	1995	199	Commonwealth of Independent States (CIS)	Bilateral	No	Yes
Kyrgyz Republic - Russian Federation	94	1992-10-08	KGZ	RUS	1992	199	Commonwealth of Independent States (CIS)	Bilateral	No	Yes
Kyrgyz Republic - Moldova	93	1995-05-16	KGZ	MDA	1995	199	Commonwealth of Independent States (CIS)	Bilateral	No	Yes
EFTA - Palestinian Authority	92	1998-11-30	CHE ISL LIE NOR PSE		1998	199	Europe; Middle East	Bilateral; One Party is an RTA	Yes	No
Kyrgyz Republic - Kazakhstan	91	1995-06-22	KAZ	KGZ	1995	199	Commonwealth of Independent States (CIS)	Bilateral	No	Yes
Commonwealth of Independent States (CIS)	90	1994-04-15	ARM AZE BLR GEO KAZ KGZ MDA RUS TJK UKR UZB		1994	199	Commonwealth of Independent States (CIS)	Plurilateral	No	No
India - Singapore	9	2005-06-29	IND	SGP	2005	200	West Asia; East Asia	Bilateral	Yes	Yes
Melanesian Spearhead Group (MSG)	89	1993-07-22	FJI PNG SLB VUT		1993	199	Oceania	Plurilateral	No	Yes
EFTA - Morocco	87	1997-06-19	CHE ISL LIE MAR NOR		1997	199	Europe; Africa	Bilateral; One Party is an RTA	Yes	Yes
East African Community (EAC)	85	1999-11-30	KEN TZA UGA		1999	199	Africa	Plurilateral	No	Yes
EU - Israel	84	1995-11-20	AUT BEL DEU DNK ESP FIN FRA GBR GRC IRL ISR ITA LUX NLD PRT SWE		1995	199	Europe; Middle East	Bilateral; One Party is an RTA	Yes	Yes
EU - Morocco	83	1996-02-26	AUT BEL DEU DNK ESP FIN FRA GBR GRC IRL ITA LUX MAR NLD PRT SWE		1996	199	Europe; Africa	Bilateral; One Party is an RTA	Yes	Yes
EU - South Africa	82	1999-10-11	AUT BEL DEU DNK ESP FIN FRA GBR GRC IRL ITA LUX NLD PRT SWE ZAF		1999	199	Europe; Africa	Bilateral; One Party is an RTA	Yes	Yes
Kyrgyz Republic - Armenia	81	1994-07-04	ARM	KGZ	1994	199	Commonwealth of Independent States (CIS)	Bilateral	No	Yes
Turkey - Former Yugoslav Republic of Macedonia	80	1999-09-07	MKD	TUR	1999	199	Europe	Bilateral	No	Yes
Trans-Pacific Strategic Economic Partnership	8	2005-07-18	BRN CHL NZL SGP		2005	200	East Asia; South America; Oceania	Plurilateral	Yes	Yes
EFTA - Former Yugoslav Republic of Macedonia	79	2000-06-19	CHE ISL LIE MKD NOR		2000	200	Europe	Bilateral; One Party is an RTA	No	Yes
Georgia - Ukraine	78	1995-01-09	GEO	UKR	1995	199	Commonwealth of Independent States (CIS)	Bilateral	No	Yes
Georgia - Turkmenistan	77	1996-03-20	GEO	TKM	1996	199	Commonwealth of Independent States (CIS)	Bilateral	No	No
Georgia - Russian Federation	76	1994-02-03	GEO	RUS	1994	199	Commonwealth of Independent States (CIS)	Bilateral	No	Yes
Georgia - Kazakhstan	75	1997-11-11	GEO	KAZ	1997	199	Commonwealth of Independent States (CIS)	Bilateral	No	Yes
Georgia - Azerbaijan	74	1996-03-08	AZE	GEO	1996	199	Commonwealth of Independent States (CIS)	Bilateral	No	No
Georgia - Armenia	73	1995-08-14	ARM	GEO	1995	199	Commonwealth of Independent States (CIS)	Bilateral	No	Yes
Israel - Mexico	72	2000-04-10	ISR	MEX	2000	200	Middle East; North America	Bilateral	Yes	Yes
EFTA - Mexico	70	2000-11-27	CHE ISL LIE MEX NOR		2000	200	Europe; North America	Bilateral; One Party is an RTA	Yes	Yes
Chile - China	7	2005-11-18	CHL	CHN	2005	200	South America; East Asia	Bilateral	Yes	Yes
New Zealand - Singapore	69	2000-11-14	NZL	SGP	2000	200	Oceania; East Asia	Bilateral	Yes	Yes
EU - Former Yugoslav Republic of Macedonia	68	2001-04-09	AUT BEL DEU DNK ESP FIN FRA GBR GRC IRL ITA LUX MKD NLD PRT SWE		2001	200	Europe	Bilateral; One Party is an RTA	No	Yes
EFTA - Croatia	67	2001-06-21	CHE HRV ISL LIE NOR		2001	200	Europe	Plurilateral	No	Yes
EFTA - Jordan	66	2001-06-21	CHE ISL JOR LIE NOR		2001	200	Europe; Middle East	Bilateral; One Party is an RTA	Yes	Yes
EU - Mexico	65	1997-12-08	AUT BEL DEU DNK ESP FIN FRA GBR GRC IRL ITA LUX MEX NLD PRT SWE		1997	199	Europe; North America	Bilateral; One Party is an RTA	Yes	Yes
India - Sri Lanka	64	1998-12-28	IND	LKA	1998	199	West Asia	Bilateral	No	Yes
US - Jordan	63	2000-10-24	JOR	USA	2000	200	Middle East; North America	Bilateral	Yes	Yes
Japan - Singapore	62	2002-01-13	JPN	SGP	2002	200	East Asia	Bilateral	No	Yes
EU - Jordan	61	1997-11-24	AUT BEL DEU DNK ESP FIN FRA GBR GRC IRL ITA JOR LUX NLD PRT SWE		1997	199	Europe; Middle East	Bilateral; One Party is an RTA	Yes	Yes
EU - Croatia	60	2001-10-29	AUT BEL DEU DNK ESP FIN FRA GBR GRC HRV IRL ITA LUX NLD PRT SWE		2001	200	Europe	Bilateral; One Party is an RTA	No	Yes
Southern African Customs Union (SACU)	6	2002-10-21	BWA LSO NAM SWZ ZAF		2002	200	Africa	Plurilateral	No	Yes
Canada - Costa Rica	59	2001-04-23	CAN	CRI	2001	200	North America; Central America	Bilateral	Yes	Yes
EFTA - Singapore	58	2002-06-26	CHE ISL LIE NOR SGP		2002	200	Europe; East Asia	Bilateral; One Party is an RTA	Yes	Yes
EU - Lebanon	57	2002-06-17	AUT BEL DEU DNK ESP FIN FRA GBR GRC IRL ITA LBN LUX NLD PRT SWE		2002	200	Europe; Middle East	Bilateral; One Party is an RTA	Yes	No
Turkey - Croatia	56	2002-03-13	HRV	TUR	2002	200	Europe	Bilateral	No	Yes
Turkey - Bosnia and Herzegovina	55	2002-07-03	BIH	TUR	2002	200	Europe	Bilateral	No	No
Singapore - Australia	54	2003-02-17	AUS	SGP	2003	200	Oceania; East Asia	Bilateral	Yes	Yes
US - Chile	53	2003-06-06	CHL	USA	2003	200	South America; North America	Bilateral	Yes	Yes
US - Singapore	52	2003-05-06	SGP	USA	2003	200	East Asia; North America	Bilateral	Yes	Yes
China - Hong Kong, China	51	2003-06-29	CHN	HKG	2003	200	East Asia	Bilateral	No	Yes
China - Macao, China	50	2003-10-17	CHN	MAC	2003	200	East Asia	Bilateral	No	Yes
EFTA - Egypt	5	2007-01-27	CHE EGY ISL LIE NOR		2007	200	Africa; Europe	Bilateral; One Party is an RTA	Yes	Yes
Central European Free Trade Agreement (CEFTA) - Accession of Croatia	48	2002-12-05	BGR CZE HRV HUN POL ROU SVK SVN		2002	200	Europe	Plurilateral	No	Yes
Korea, Republic of - Chile	47	2003-02-01	CHL	KOR	2003	200	South America; East Asia	Bilateral	Yes	Yes
Armenia - Ukraine	46	1994-10-07	ARM	UKR	1994	199	Commonwealth of Independent States (CIS)	Bilateral	No	Yes
Armenia - Kazakhstan	45	1999-09-02	ARM	KAZ	1999	199	Commonwealth of Independent States (CIS)	Bilateral	No	Yes
Trans-Pacific Partnership	449	2016-02-03	AUS BRN CAN CHL JPN MEX MYS NZL PER SGP USA VNM		2016	201	East Asia; North America; South America	Plurilateral	Yes	Yes
EU - Ghana	448	2016-07-28	AUT BEL BGR CYP CZE DEU DNK ESP EST FIN FRA GBR GHA GRC HRV HUN IRL ITA LTU LUX LVA MLT NLD POL PRT ROU SVK SVN SWE		2016	201	Europe; Africa	Bilateral; One Party is an RTA	Yes	Yes
Eurasian Economic Union (EAEU) - Viet Nam	447	2015-05-29	ARM BLR KAZ KGZ RUS VNM		2015	201	Commonwealth of Independent States (CIS); East Asia	Bilateral; One Party is an RTA	Yes	No
EFTA - Philippines	446	2016-04-28	CHE ISL LIE NOR PHL		2016	201	Europe; East Asia	Bilateral; One Party is an RTA	Yes	Yes
Turkey - Moldova, Republic of	445	2014-09-11	MDA	TUR	2014	201	Commonwealth of Independent States (CIS); Europe	Bilateral	Yes	Yes
Eurasian Economic Union (EAEU) - Accession of the Kyrgyz Republic	444	2014-12-23	ARM BLR KAZ KGZ RUS		2014	201	Commonwealth of Independent States (CIS)	Plurilateral	No	No
Gulf Cooperation Council (GCC) - Singapore	443	2008-12-15	ARE BHR KWT OMN QAT SAU SGP		2008	200	Middle East; East Asia	Bilateral; One Party is an RTA	Yes	Yes
Canada - Honduras	442	2013-11-05	CAN	HND	2013	201	North America; Central America	Bilateral	Yes	Yes
Eurasian Economic Union (EAEU) - Accession of Armenia	441	2014-10-10	ARM BLR KAZ RUS		2014	201	Commonwealth of Independent States (CIS)	Plurilateral	No	No
Eurasian Economic Union (EAEU)	440	2014-05-29	BLR KAZ RUS		2014	201	Commonwealth of Independent States (CIS)	Plurilateral	No	No
Armenia - Moldova	44	1993-12-24	ARM	MDA	1993	199	Commonwealth of Independent States (CIS)	Bilateral	No	Yes
Singapore - Chinese Taipei	439	2013-11-07	SGP	TWN	2013	201	East Asia	Bilateral	No	Yes
New Zealand - Chinese Taipei	436	2013-07-10	NZL	TWN	2013	201	East Asia; Oceania	Bilateral	Yes	Yes
India - Thailand	435	2003-10-09	IND	THA	2003	200	West Asia; East Asia	Bilateral	Yes	Yes
Ukraine - Montenegro	434	2011-11-18	MNE	UKR	2011	201	Europe; Commonwealth of Independent States (CIS)	Bilateral	Yes	Yes
Russian Federation - Turkmenistan	432	1992-11-11	RUS	TKM	1992	199	Commonwealth of Independent States (CIS)	Bilateral	No	No
Russian Federation - Uzbekistan	431	1992-11-13	RUS	UZB	1992	199	Commonwealth of Independent States (CIS)	Bilateral	No	No
Russian Federation - Serbia	430	2000-08-28	RUS	SRB	2000	200	Commonwealth of Independent States (CIS); Europe	Bilateral	Yes	No
Armenia - Russian Federation	43	1992-09-30	ARM	RUS	1992	199	Commonwealth of Independent States (CIS)	Bilateral	No	Yes
Russian Federation - Belarus - Kazakhstan	429	1995-01-20	BLR KAZ RUS		1995	199	Commonwealth of Independent States (CIS)	Plurilateral	No	No
EU - Rep. of  Moldova	428	2014-06-27	AUT BEL BGR CYP CZE DEU DNK ESP EST FIN FRA GBR GRC HRV HUN IRL ITA LTU LUX LVA MDA MLT NLD POL PRT ROU SVK SVN SWE		2014	201	Europe; Commonwealth of Independent States (CIS)	Bilateral; One Party is an RTA	Yes	Yes
EU - Georgia	427	2014-06-27	AUT BEL BGR CYP CZE DEU DNK ESP EST FIN FRA GBR GEO GRC HRV HUN IRL ITA LTU LUX LVA MLT NLD POL PRT ROU SVK SVN SWE		2014	201	Europe; Commonwealth of Independent States (CIS)	Bilateral; One Party is an RTA	Yes	Yes
East African Community (EAC) - Accession of Burundi and Rwanda	426	2007-06-18	KEN TZA UGA		2007	200	Africa	Plurilateral	No	Yes
Japan - Mongolia	425	2015-02-10	JPN	MNG	2015	201	East Asia	Bilateral	No	Yes
Russian Federation - Tajikistan	424	1992-10-10	RUS	TJK	1992	199	Commonwealth of Independent States (CIS)	Bilateral	No	Yes
Russian Federation - Kazakhstan	423	1992-10-22	KAZ	RUS	1992	199	Commonwealth of Independent States (CIS)	Bilateral	No	Yes
Russian Federation - Azerbaijan	422	1992-09-30	AZE	RUS	1992	199	Commonwealth of Independent States (CIS)	Bilateral	No	No
Russian Federation - Republic of Moldova	421	1993-02-09	MDA	RUS	1993	199	Commonwealth of Independent States (CIS)	Bilateral	No	Yes
Russian Federation - Belarus	420	1992-11-13	BLR	RUS	1992	199	Commonwealth of Independent States (CIS)	Bilateral	No	No
Armenia - Turkmenistan	42	1995-10-03	ARM	TKM	1995	199	Commonwealth of Independent States (CIS)	Bilateral	No	No
Turkey - Malaysia	419	2014-04-17	MYS	TUR	2014	201	East Asia; Europe	Bilateral	Yes	Yes
Turkey - Mauritius	418	2011-09-09	MUS	TUR	2011	201	Africa; Europe	Bilateral	Yes	Yes
EFTA - Central America (Costa Rica and Panama)	416	2013-06-24	CHE CRI ISL LIE NOR PAN		2013	201	Central America; Europe	Plurilateral; One Party is an RTA	Yes	Yes
EFTA - Montenegro	415	2011-11-14	CHE ISL LIE MNE NOR		2011	201	Europe	Bilateral; One Party is an RTA	No	Yes
Treaty on a Free Trade Area between members of the Commonwealth of Independent States (CIS)	413	2011-10-18	ARM BLR KAZ KGZ MDA RUS TJK UKR		2011	201	Commonwealth of Independent States (CIS)	Plurilateral	No	No
Japan - Peru	412	2011-05-31	JPN	PER	2011	201	East Asia; South America	Bilateral	Yes	Yes
EU - Papua New Guinea / Fiji	411	2009-07-30	AUT BEL BGR CYP CZE DEU DNK ESP EST FIN FJI FRA GBR GRC HUN IRL ITA LTU LUX LVA MLT NLD PNG POL PRT ROU SVK SVN SWE		2009	200	Europe; Oceania	Plurilateral; One Party is an RTA	Yes	Yes
Southern African Development Community (SADC)	41	1996-08-24	AGO BWA LSO MOZ MUS MWI NAM SWZ TZA ZAF ZMB ZWE		1996	199	Africa	Plurilateral	No	Yes
Southern Common Market (MERCOSUR) - Southern African Customs Union (SACU)	409	2008-12-15	ARG BRA BWA LSO NAM PRY SWZ URY ZAF		2008	200	South America; Africa	Bilateral; All Parties are RTAs	Yes	Yes
Hong Kong, China - Chile	408	2012-12-07	CHL	HKG	2012	201	South America; East Asia	Bilateral	Yes	Yes
EFTA - Bosnia and Herzegovina	405	2013-06-24	BIH CHE ISL LIE NOR		2013	201	Europe	Bilateral; One Party is an RTA	No	No
Korea, Republic of - India	404	2009-08-07	IND	KOR	2009	200	West Asia; East Asia	Bilateral	Yes	Yes
The Cross-Straits Economic Cooperation Framework Agreement (ECFA)	403	2010-06-29	CHN	TWN	2010	201	East Asia		No	Yes
EU - Serbia	402	2008-04-29	AUT BEL BGR CYP CZE DEU DNK ESP EST FIN FRA GBR GRC HUN IRL ITA LTU LUX LVA MLT NLD POL PRT ROU SRB SVK SVN SWE		2008	200	Europe	Bilateral; One Party is an RTA	No	No
Rep. of Korea - Viet Nam	401	2015-05-05	KOR	VNM	2015	201	East Asia	Bilateral	No	Yes
Turkey - Montenegro	400	2008-11-26	MNE	TUR	2008	200	Europe	Bilateral	No	Yes
EU - Egypt	40	2001-06-25	AUT BEL CYP CZE DEU DNK EGY ESP EST FIN FRA GBR GRC HUN IRL ITA LTU LUX LVA MLT NLD POL PRT SVK SVN SWE		2001	200	Europe; Africa	Bilateral; One Party is an RTA	Yes	Yes
Central European Free Trade Agreement (CEFTA) 2006	4	2006-12-19	ALB BGR BIH HRV MDA MKD MNE ROU SRB		2006	200	Europe; Commonwealth of Independent States (CIS)	Plurilateral	Yes	No
Korea, Republic of - Turkey	399	2012-08-01	KOR	TUR	2012	201	East Asia; Europe	Bilateral	Yes	Yes
China - Rep. of Korea	398	2015-06-01	CHN	KOR	2015	201	East Asia	Bilateral	No	Yes
Korea, Republic of -  Colombia	397	2013-02-21	COL	KOR	2013	201	South America; East Asia	Bilateral	Yes	Yes
Canada - Ukraine	396	2016-07-11	CAN	UKR	2016	201	North America; Commonwealth of Independent States (CIS)	Bilateral	Yes	Yes
EU - Colombia and Peru	395	2012-06-26	AUT BEL BGR COL CYP CZE DEU DNK ESP EST FIN FRA GBR GRC HUN IRL ITA LTU LUX LVA MLT NLD PER POL PRT ROU SVK SVN SWE		2012	201	Europe; South America	Plurilateral; One Party is an RTA	Yes	Yes
EFTA - Hong Kong, China	394	2011-06-21	CHE HKG ISL LIE NOR		2011	201	East Asia; Europe	Bilateral; One Party is an RTA	Yes	Yes
Chile - Viet Nam	393	2011-11-11	CHL	VNM	2011	201	South America; East Asia	Bilateral	Yes	Yes
EU - Ukraine	392	2014-06-27	AUT BEL BGR CYP CZE DEU DNK ESP EST FIN FRA GBR GRC HRV HUN IRL ITA LTU LUX LVA MLT NLD POL PRT ROU SVK SVN SWE UKR		2014	201	Europe; Commonwealth of Independent States (CIS)	Bilateral; One Party is an RTA	Yes	Yes
EU - Cameroon	391	2009-01-15	AUT BEL BGR CMR CYP CZE DEU DNK ESP EST FIN FRA GBR GRC HUN IRL ITA LTU LUX LVA MLT NLD POL PRT ROU SVK SVN SWE		2009	200	Europe; Africa	Bilateral; One Party is an RTA	Yes	Yes
Costa Rica - Singapore	390	2010-04-06	CRI	SGP	2010	201	Central America; East Asia	Bilateral	Yes	Yes
EFTA - Chile	39	2003-06-26	CHE CHL ISL LIE NOR		2003	200	South America; Europe	Bilateral; One Party is an RTA	Yes	Yes
China - Costa Rica	389	2010-04-08	CHN	CRI	2010	201	East Asia; Central America	Bilateral	Yes	Yes
EU - Central America	388	2012-06-29	AUT BEL BGR CRI CYP CZE DEU DNK ESP EST FIN FRA GBR GRC GTM HND HUN IRL ITA LTU LUX LVA MLT NIC NLD PAN POL PRT ROU SLV SVK SVN SWE		2012	201	Europe; Central America	Plurilateral; One Party is an RTA	Yes	Yes
Canada - Peru	387	2008-05-29	CAN	PER	2008	200	North America; South America	Bilateral	Yes	Yes
Nicaragua - Chinese Taipei	386	2006-06-16	NIC	TWN	2006	200	East Asia; Central America	Bilateral	Yes	Yes
Peru - China	385	2009-04-28	CHN	PER	2009	200	East Asia; South America	Bilateral	Yes	Yes
China - New Zealand	384	2008-04-07	CHN	NZL	2008	200	East Asia; Oceania	Bilateral	Yes	Yes
Peru - Korea, Republic of	380	2011-03-21	KOR	PER	2011	201	East Asia; South America	Bilateral	Yes	Yes
ASEAN - China	38	2004-11-29	BRN CHN IDN KHM LAO MMR MYS PHL SGP THA VNM		2004	200	East Asia	Bilateral; One Party is an RTA	No	Yes
Rep. of Korea - New Zealand	379	2015-03-23	KOR	NZL	2015	201	East Asia; Oceania	Bilateral	Yes	Yes
Mauritius - Pakistan	378	2007-07-30	MUS	PAK	2007	200	Africa; West Asia	Bilateral	Yes	Yes
Turkey - Georgia	377	2007-11-21	GEO	TUR	2007	200	Commonwealth of Independent States (CIS); Europe	Bilateral	Yes	Yes
Switzerland - China	376	2013-07-06	CHE	CHN	2013	201	East Asia; Europe	Bilateral	Yes	Yes
Turkey - Serbia	375	2009-06-01	SRB	TUR	2009	200	Europe	Bilateral	No	No
Chile - India	374	2006-03-08	CHL	IND	2006	200	South America; West Asia	Bilateral	Yes	Yes
EU - Côte d'Ivoire	373	2008-11-26	AUT BEL BGR CIV CYP CZE DEU DNK ESP EST FIN FRA GBR GRC HUN IRL ITA LTU LUX LVA MLT NLD POL PRT ROU SVK SVN SWE		2008	200	Europe; Africa	Bilateral; One Party is an RTA	Yes	Yes
Japan - Philippines	372	2006-09-09	JPN	PHL	2006	200	East Asia	Bilateral	No	Yes
EFTA - SACU	371	2006-06-26	BWA CHE ISL LIE LSO NAM NOR SWZ ZAF		2006	200	Africa; Europe	Bilateral; All Parties are RTAs	Yes	Yes
GUAM	370	2002-07-20	AZE GEO MDA UKR		2002	200	Commonwealth of Independent States (CIS)	Plurilateral	No	No
US - Australia	37	2004-05-18	AUS	USA	2004	200	Oceania; North America	Bilateral	Yes	Yes
Canada - Panama	369	2010-05-14	CAN	PAN	2010	201	North America; Central America	Bilateral	Yes	Yes
EU - CARIFORUM States EPA	368	2008-10-15	ATG AUT BEL BGR BHS BLZ BRB CYP CZE DEU DMA DNK DOM ESP EST FIN FRA GBR GRC GRD GUY HUN IRL ITA JAM KNA LCA LTU LUX LVA MLT NLD POL PRT ROU SUR SVK SVN SWE TTO VCT		2008	200	Caribbean; Europe; Central America; South America	Plurilateral; One Party is an RTA	Yes	No
EFTA - Ukraine	367	2010-06-24	CHE ISL LIE NOR UKR		2010	201	Europe; Commonwealth of Independent States (CIS)	Bilateral; One Party is an RTA	Yes	Yes
EFTA - Serbia	366	2009-12-17	CHE ISL LIE NOR SRB		2009	200	Europe	Bilateral; One Party is an RTA	No	No
EFTA - Albania	365	2009-12-17	ALB CHE ISL LIE NOR		2009	200	Europe	Bilateral; One Party is an RTA	No	Yes
Agadir Agreement	364	2004-02-25	EGY JOR MAR TUN		2004	200	Africa; Middle East	Plurilateral	Yes	Yes
Pacific Island Countries Trade Agreement (PICTA)	363	2001-08-18	COK FJI FSM KIR NIU NRU PNG SLB TON TUV VUT WSM		2001	200	Oceania	Plurilateral	No	No
Ukraine - Russian Federation	362	1993-06-24	RUS	UKR	1993	199	Commonwealth of Independent States (CIS)	Bilateral	No	Yes
Common Economic Zone (CEZ)	361	2003-09-19	BLR KAZ RUS UKR		2003	200	Commonwealth of Independent States (CIS)	Plurilateral	No	No
Ukraine - Uzbekistan	360	1994-12-29	UKR	UZB	1994	199	Commonwealth of Independent States (CIS)	Bilateral	No	No
Thailand - Australia	36	2004-07-05	AUS	THA	2004	200	Oceania; East Asia	Bilateral	Yes	Yes
Ukraine -Turkmenistan	359	1994-11-05	TKM	UKR	1994	199	Commonwealth of Independent States (CIS)	Bilateral	No	No
Ukraine - Tajikistan	358	2001-07-06	TJK	UKR	2001	200	Commonwealth of Independent States (CIS)	Bilateral	No	Yes
Ukraine - Moldova	357	2003-11-13	MDA	UKR	2003	200	Commonwealth of Independent States (CIS)	Bilateral	No	Yes
Ukraine - Former Yugoslav Republic of Macedonia	356	2001-01-18	MKD	UKR	2001	200	Europe; Commonwealth of Independent States (CIS)	Bilateral	Yes	Yes
Ukraine - Kazakhstan	355	1994-09-17	KAZ	UKR	1994	199	Commonwealth of Independent States (CIS)	Bilateral	No	Yes
Ukraine - Belarus	354	1992-12-17	BLR	UKR	1992	199	Commonwealth of Independent States (CIS)	Bilateral	No	No
Ukraine - Azerbaijan	353	1995-07-28	AZE	UKR	1995	199	Commonwealth of Independent States (CIS)	Bilateral	No	No
Canada - Jordan	352	2009-06-28	CAN	JOR	2009	200	North America; Middle East	Bilateral	Yes	Yes
Brunei Darussalam - Japan	351	2007-06-18	BRN	JPN	2007	200	East Asia	Bilateral	No	Yes
Iceland - Faroe Islands	350	2005-08-31	FRO	ISL	2005	200	Europe	Bilateral	No	No
EU - Bosnia and Herzegovina	349	2008-06-16	AUT BEL BGR BIH CYP CZE DEU DNK ESP EST FIN FRA GBR GRC HUN IRL ITA LTU LUX LVA MLT NLD POL PRT ROU SVK SVN SWE		2008	200	Europe	Bilateral; One Party is an RTA	No	No
India - Bhutan	348	2006-07-28	BTN	IND	2006	200	West Asia	Bilateral	No	No
Pakistan - Sri Lanka	347	2002-08-01	LKA	PAK	2002	200	West Asia	Bilateral	No	Yes
Turkey - Albania	346	2006-12-22	ALB	TUR	2006	200	Europe	Bilateral	No	Yes
India - Malaysia	345	2011-02-18	IND	MYS	2011	201	West Asia; East Asia	Bilateral	Yes	Yes
Turkey - Chile	344	2009-07-14	CHL	TUR	2009	200	South America; Europe	Bilateral	Yes	Yes
Korea, Republic of - Australia	343	2014-04-08	AUS	KOR	2014	201	Oceania; East Asia	Bilateral	Yes	Yes
US - Colombia	342	2006-11-22	COL	USA	2006	200	South America; North America	Bilateral	Yes	Yes
El Salvador- Honduras - Chinese Taipei	341	2007-05-07	HND SLV TWN		2007	200	East Asia; Central America	Plurilateral	Yes	Yes
MERCOSUR - India	340	2004-01-25	ARG BRA IND PRY URY		2004	200	South America; West Asia	Bilateral; One Party is an RTA	Yes	Yes
Japan - Mexico	34	2004-09-17	JPN	MEX	2004	200	East Asia; North America	Bilateral	Yes	Yes
Turkey - Jordan	337	2009-12-01	JOR	TUR	2009	200	Middle East; Europe	Bilateral	Yes	Yes
China - Singapore	336	2008-10-23	CHN	SGP	2008	200	East Asia	Bilateral	No	Yes
Peru - Singapore	335	2008-05-29	PER	SGP	2008	200	South America; East Asia	Bilateral	Yes	Yes
New Zealand - Malaysia	334	2009-10-26	MYS	NZL	2009	200	East Asia; Oceania	Bilateral	Yes	Yes
Hong Kong, China - New Zealand	333	2010-03-29	HKG	NZL	2010	201	East Asia; Oceania	Bilateral	Yes	Yes
EU - Eastern and Southern Africa States Interim EPA	332	2009-08-29	AUT BEL BGR CYP CZE DEU DNK ESP EST FIN FRA GBR GRC HUN IRL ITA LTU LUX LVA MDG MLT MUS NLD POL PRT ROU SVK SVN SWE SYC ZWE		2009	200	Europe; Africa	Plurilateral; One Party is an RTA	Yes	Yes
EFTA - GCC	331	2009-06-22	ARE BHR CHE ISL KWT LIE NOR OMN QAT SAU		2009	200	Middle East; Europe	Bilateral; All Parties are RTAs	Yes	Yes
Iceland - China	330	2013-04-15	CHN	ISL	2013	201	East Asia; Europe	Bilateral	Yes	Yes
EFTA - Tunisia	33	2004-12-17	CHE ISL LIE NOR TUN		2004	200	Europe; Africa	Bilateral; One Party is an RTA	Yes	Yes
Chile - Malaysia	329	2010-11-13	CHL	MYS	2010	201	South America; East Asia	Bilateral	Yes	Yes
ASEAN - India	328	2009-08-13	BRN IDN IND KHM LAO MMR MYS PHL SGP THA VNM		2009	200	East Asia; West Asia	Bilateral; One Party is an RTA	Yes	Yes
ASEAN - Australia - New Zealand	327	2009-02-27	AUS BRN IDN KHM LAO MMR MYS NZL PHL SGP THA VNM		2009	200	Oceania; East Asia	Plurilateral; One Party is an RTA	Yes	Yes
Panama - Chinese Taipei	326	2003-08-21	PAN	TWN	2003	200	East Asia; Central America	Bilateral	Yes	Yes
Guatemala - Chinese Taipei	325	2005-09-22	GTM	TWN	2005	200	East Asia; Central America	Bilateral	Yes	Yes
India - Nepal	324	2009-10-27	IND	NPL	2009	200	West Asia	Bilateral	No	Yes
India - Afghanistan	323	2003-03-06	AFG	IND	2003	200	West Asia	Bilateral	No	No
EU - San Marino	322	1991-12-16	AUT BEL DEU DNK ESP FIN FRA GBR GRC IRL ITA LUX NLD PRT SMR SWE		1991	199	Europe	Bilateral; One Party is an RTA	No	No
Third Convention of Lomé	320	1984-12-08	BDI BEN BFA BHS BRB BWA CAF CIV CMR COD COG DEU ETH FJI FRA GAB GBR GHA GIN GMB GNB GNQ GRD GUY IRL ITA JAM KEN LBR LSO LUX MDG MLI MOZ MRT MUS MWI NER NGA NLD RWA SDN SEN SLE SOM SWZ TCD TGO TON TTO TZA UGA WSM ZMB		1984	198	Caribbean; Africa; Oceania; Europe; South America	Plurilateral	Yes	No
Economic Community of West African States (ECOWAS)	32	1993-07-24	BEN BFA CIV CPV GHA GIN GMB GNB LBR MLI NER NGA SEN SLE TGO		1993	199	Africa	Plurilateral	No	No
Second Convention of Lomé	319	1979-10-31	BDI BEL BEN BFA BHS BRB BWA CAF CIV CMR COD COG DEU DNK ETH FJI FRA GAB GBR GHA GIN GMB GNB GNQ GRD GUY IRL ITA JAM KEN LBR LSO LUX MDG MLI MRT MUS MWI NER NGA NLD RWA SDN SEN SLE SOM SWZ TCD TGO TON TTO TZA UGA WSM ZMB		1979	197	Caribbean; Europe; Africa; Oceania; South America	Plurilateral	Yes	No
First Convention of Lomé	318	1975-02-28	BDI BEL BEN BFA BHS BRB BWA CAF CIV CMR COD COG DEU DNK ETH FJI FRA GAB GBR GHA GIN GMB GNB GNQ GRD GUY IRL ITA JAM KEN LBR LSO LUX MDG MLI MRT MUS MWI NER NGA NLD RWA SDN SEN SLE SOM SWZ TCD TGO TON TTO TZA UGA WSM ZMB		1975	197	Caribbean; Europe; Africa; Oceania; South America	Plurilateral	Yes	No
Yaoundé II	317	1969-07-29	BDI BEL BFA CAF CIV CMR COG DEU FRA GAB ITA LUX MDG MLI MRT MUS NER NLD RWA SEN SOM TCD TGO		1969	196	Europe; Africa	Plurilateral	Yes	No
Yaoundé I	316	1963-07-20	BDI BEL BEN BFA CAF CIV CMR COG DEU FRA GAB ITA LUX MDG MLI MRT NER NLD RWA SEN SOM TCD TGO		1963	196	Europe; Africa	Plurilateral	Yes	No
Turkey - Slovenia	315	1998-05-05	SVN	TUR	1998	199	Europe	Bilateral	No	Yes
Turkey - Poland	314	1999-10-04	POL	TUR	1999	199	Europe	Bilateral	No	Yes
Turkey - Lithuania	313	1997-06-02	LTU	TUR	1997	199	Europe	Bilateral	No	Yes
Turkey - Latvia	312	1998-06-16	LVA	TUR	1998	199	Europe	Bilateral	No	Yes
Turkey - Estonia	311	1997-06-03	EST	TUR	1997	199	Europe	Bilateral	No	Yes
South Africa - Southern Rhodesia Customs Union	310	1948-12-06	ZAF	ZWE	1948	194	Africa	Bilateral	No	Yes
Turkey - Tunisia	31	2004-11-25	TUN	TUR	2004	200	Africa; Europe	Bilateral	Yes	Yes
Slovenia - Lithuania	309	1996-10-04	LTU	SVN	1996	199	Europe	Bilateral	No	Yes
Slovenia - Latvia	308	1996-04-22	LVA	SVN	1996	199	Europe	Bilateral	No	Yes
Slovenia - Israel	307	1998-05-13	ISR	SVN	1998	199	Middle East; Europe	Bilateral	Yes	Yes
Slovenia - Former Yugoslav Republic of Macedonia	306	1996-07-01	MKD	SVN	1996	199	Europe	Bilateral	No	Yes
Slovenia - Estonia	305	1996-11-26	EST	SVN	1996	199	Europe	Bilateral	No	Yes
Slovenia - Croatia	304	1997-12-12	HRV	SVN	1997	199	Europe	Bilateral	No	Yes
Slovenia - Bosnia and Herzegovina	303	2001-10-03	BIH	SVN	2001	200	Europe	Bilateral	No	No
Slovak Republic - Turkey	302	1997-10-20	SVK	TUR	1997	199	Europe	Bilateral	No	Yes
Slovak Republic - Romania Free Trade Agreement	301	1994-06-01	ROU	SVK	1994	199	Europe	Bilateral	No	Yes
Slovak Republic - Lithuania	300	1996-11-27	LTU	SVK	1996	199	Europe	Bilateral	No	Yes
Turkey - Palestinian Authority	30	2004-07-20	PSE	TUR	2004	200	Middle East; Europe	Bilateral	Yes	No
Chile - Japan	3	2007-03-27	CHL	JPN	2007	200	South America; East Asia	Bilateral	Yes	Yes
Slovak Republic - Latvia	299	1996-04-19	LVA	SVK	1996	199	Europe	Bilateral	No	Yes
Slovak Republic - Israel	298	1996-05-22	ISR	SVK	1996	199	Middle East; Europe	Bilateral	Yes	Yes
Slovak Republic - Estonia	297	1996-05-28	EST	SVK	1996	199	Europe	Bilateral	No	Yes
Romania - Turkey	296	1997-04-29	ROU	TUR	1997	199	Europe	Bilateral	No	Yes
Romania - Serbia and Montenegro	295	2003-12-23	MNE ROU SRB		2003	200	Europe	Bilateral	No	Yes
Romania - Moldova	294	1994-02-15	MDA	ROU	1994	199	Commonwealth of Independent States (CIS); Europe	Bilateral	Yes	Yes
Romania - Israel	293	2001-01-30	ISR	ROU	2001	200	Middle East; Europe	Bilateral	Yes	Yes
Romania - Former Yugoslav Republic of Macedonia	292	2003-02-07	MKD	ROU	2003	200	Europe	Bilateral	No	Yes
Romania - Bosnia and Herzegovina	291	2003-04-08	BIH	ROU	2003	200	Europe	Bilateral	No	No
Poland - Lithuania	290	1996-05-27	LTU	POL	1996	199	Europe	Bilateral	No	Yes
EU - Chile	29	2002-11-18	AUT BEL CHL DEU DNK ESP FIN FRA GBR GRC IRL ITA LUX NLD PRT SWE		2002	200	Europe; South America	Bilateral; One Party is an RTA	Yes	Yes
Poland - Latvia	289	1997-04-28	LVA	POL	1997	199	Europe	Bilateral	No	Yes
Poland - Israel	288	1998-01-07	ISR	POL	1998	199	Middle East; Europe	Bilateral	Yes	Yes
Poland - Faeroe Islands	287	1998-11-03	FRO	POL	1998	199	Europe	Bilateral	No	No
Moldova - Serbia and Montenegro	286	2003-11-13	MDA MNE SRB		2003	200	Commonwealth of Independent States (CIS)	Bilateral	No	Yes
Moldova - Former Yugoslav Republic of Macedonia	285	2004-01-28	MDA	MKD	2004	200	Commonwealth of Independent States (CIS); Europe	Bilateral	Yes	Yes
Moldova - Croatia	284	2004-02-27	HRV	MDA	2004	200	Europe; Commonwealth of Independent States (CIS)	Bilateral	Yes	Yes
Moldova - Bulgaria	283	2004-05-20	BGR	MDA	2004	200	Europe; Commonwealth of Independent States (CIS)	Bilateral	Yes	Yes
Moldova - Bosnia and Herzegovina	282	2002-12-23	BIH	MDA	2002	200	Europe; Commonwealth of Independent States (CIS)	Bilateral	Yes	No
Lithuania - Switzerland Free-Trade Agreement	281	1992-11-24	CHE	LTU	1992	199	Europe	Bilateral	No	Yes
Lithuania - Sweden Free Trade Agreement	280	1992-03-17	LTU	SWE	1992	199	Europe	Bilateral	No	Yes
Lithuania - Norway Free Trade Agreement	279	1992-06-15	LTU	NOR	1992	199	Europe	Bilateral	No	Yes
Latvia - Switzerland Free Trade Agreement	278	1992-12-22	CHE	LVA	1992	199	Europe	Bilateral	No	Yes
Latvia - Sweden Free Trade Agreement	277	1992-03-10	LVA	SWE	1992	199	Europe	Bilateral	No	Yes
Latvia - Norway Free Trade Agreement	276	1992-06-15	LVA	NOR	1992	199	Europe	Bilateral	No	Yes
Latin American Free Trade Area (LAFTA)	275	1960-02-18	ARG BRA CHL MEX PER PRY URY		1960	196	South America; North America	Plurilateral	Yes	Yes
Ireland - United Kingdom Free Trade Area	274	1965-12-14	GBR	IRL	1965	196	Europe	Bilateral	No	Yes
Hungary - Turkey	273	1997-01-08	HUN	TUR	1997	199	Europe	Bilateral	No	Yes
Hungary - Slovenia Free Trade Agreement	272	1994-04-06	HUN	SVN	1994	199	Europe	Bilateral	No	Yes
Hungary - Lithuania	271	1998-11-13	HUN	LTU	1998	199	Europe	Bilateral	No	Yes
Hungary - Latvia	270	1999-06-10	HUN	LVA	1999	199	Europe	Bilateral	No	Yes
Thailand - New Zealand	27	2005-04-19	NZL	THA	2005	200	Oceania; East Asia	Bilateral	Yes	Yes
Hungary - Israel	269	1997-10-14	HUN	ISR	1997	199	Europe; Middle East	Bilateral	Yes	Yes
Hungary - Estonia	268	1998-11-01	EST	HUN	1998	199	Europe	Bilateral	No	Yes
Gulf Cooperation Council (GCC)	267	1981-05-25	ARE BHR KWT OMN QAT SAU		1981	198	Middle East	Plurilateral	No	Yes
Ghana - Upper Volta Trade Agreement	266	1961-06-28	BFA	GHA	1961	196	Africa	Bilateral	No	Yes
Former Yugoslav Republic of Macedonia  - Bosnia and Herzegovina	265	2002-04-24	BIH	MKD	2002	200	Europe	Bilateral	No	No
Finland - Lithuania Protocol	264	1992-06-05	FIN	LTU	1992	199	Europe	Bilateral	No	Yes
Finland - Latvia Protocol	263	1992-11-26	FIN	LVA	1992	199	Europe	Bilateral	No	Yes
Finland - Estonia Protocol	262	1992-02-13	EST	FIN	1992	199	Europe	Bilateral	No	Yes
Estonia - Ukraine	261	1995-05-24	EST	UKR	1995	199	Europe; Commonwealth of Independent States (CIS)	Bilateral	Yes	Yes
Estonia - Switzerland Free Trade Agreement	260	1992-12-21	CHE	EST	1992	199	Europe	Bilateral	No	Yes
US - Morocco	26	2004-06-15	MAR	USA	2004	200	Africa; North America	Bilateral	Yes	Yes
Estonia - Sweden Free Trade Agreement	259	1992-03-31	EST	SWE	1992	199	Europe	Bilateral	No	Yes
Estonia - Norway Free Trade Agreement	258	1992-06-15	EST	NOR	1992	199	Europe	Bilateral	No	Yes
Estonia - Latvia - Lithuania	257	1993-09-13	EST LTU LVA		1993	199	Europe	Plurilateral	No	Yes
Estonia - Faeroe Islands	256	1997-11-30	EST	FRO	1997	199	Europe	Bilateral	No	No
Equatorial Customs Union - Cameroon Association	255	1959-06-23	CAF CMR COG GAB TCD		1959	195	Africa	Plurilateral	No	Yes
El Salvador - Nicaragua Free Trade Area	254	1951-03-09	NIC	SLV	1951	195	Central America	Bilateral	No	Yes
EFTA - Spain Agreement	253	1979-06-26	AUT CHE ESP ISL NOR PRT SWE		1979	197	Europe	Plurilateral	No	Yes
EFTA - Slovenia	252	1995-06-13	CHE ISL LIE NOR SVN		1995	199	Europe	Plurilateral	No	Yes
EFTA - Romania Free Trade Agreement	251	1992-12-10	AUT CHE FIN ISL LIE NOR ROU SWE		1992	199	Europe	Plurilateral	No	Yes
EFTA - Poland Agreement	250	1992-12-10	AUT CHE FIN ISL LIE NOR POL SWE		1992	199	Europe	Plurilateral	No	Yes
Turkey - Morocco	25	2004-04-07	MAR	TUR	2004	200	Africa; Europe	Bilateral	Yes	Yes
EFTA - Lithuania	249	1995-12-07	CHE ISL LIE LTU NOR		1995	199	Europe	Plurilateral	No	Yes
EFTA - Latvia	248	1995-12-07	CHE ISL LIE LVA NOR		1995	199	Europe	Plurilateral	No	Yes
EFTA - Hungary Agreement	247	1993-03-29	AUT CHE FIN HUN ISL LIE NOR SWE		1993	199	Europe	Plurilateral	No	Yes
EFTA - Estonia Free Trade Agreement	246	1995-12-07	EST ISL LIE		1995	199	Europe	Plurilateral	No	Yes
EFTA - Czechoslovakia	245	1992-03-20	AUT CHE CZE FIN ISL LIE NOR SVK SWE		1992	199	Europe	Plurilateral	No	Yes
EFTA - Bulgaria	244	1993-03-29	AUT BGR CHE FIN ISL LIE NOR SWE		1993	199	Europe	Plurilateral	No	Yes
EC - Turkey Association Agreement of 1973	243	1973-06-30	BEL DEU DNK FRA GBR IRL ITA LUX NLD TUR		1973	197	Europe	Plurilateral	No	Yes
EEC - Turkey Association Agreement of 1963	242	1963-09-12	BEL DEU FRA ITA LUX NLD TUR		1963	196	Europe	Plurilateral	No	Yes
EC - Turkey Additional Protocol	241	1970-11-23	BEL DEU FRA ITA LUX NLD TUR		1970	197	Europe	Plurilateral	No	Yes
EC - Tunisia Association Agreement of 1969	240	1969-03-28	BEL DEU FRA ITA LUX NLD TUN		1969	196	Europe; Africa	Plurilateral	Yes	Yes
Korea, Republic of - Singapore	24	2005-08-04	KOR	SGP	2005	200	East Asia	Bilateral	No	Yes
EC - Syria Interim Agreement of 1977	239	1977-01-18	BEL DEU DNK FRA GBR IRL ITA LUX NLD		1977	197	Europe	Plurilateral	No	Yes
EC - Sweden Agreement	238	1972-07-22	BEL DEU DNK FRA GBR IRL ITA LUX NLD SWE		1972	197	Europe	Plurilateral	No	Yes
EC - Spain Agreement of 1970	237	1970-06-29	BEL DEU ESP FRA ITA LUX NLD		1970	197	Europe	Plurilateral	No	Yes
EC - Slovenia Interim Agreement	236	1996-11-11	BEL DEU DNK ESP FRA GBR GRC IRL ITA LUX NLD PRT SVN		1996	199	Europe	Plurilateral	No	Yes
EC - Slovenia Europe Agreement	235	1996-06-10	BEL DEU DNK ESP FRA GBR GRC IRL ITA LUX NLD PRT SVN		1996	199	Europe	Plurilateral	No	Yes
EC - Slovenia Cooperation Agreement	234	1993-04-05	BEL DEU DNK ESP FRA GBR GRC IRL ITA LUX NLD PRT SVN		1993	199	Europe	Plurilateral	No	Yes
EC - Slovak Republic Europe Agreement	233	1993-10-04	BEL DEU DNK ESP FRA GBR GRC IRL ITA LUX NLD PRT SVK		1993	199	Europe	Plurilateral	No	Yes
EC - Romania Interim Agreement	232	1993-02-01	BEL DEU DNK ESP FRA GBR GRC IRL ITA LUX NLD PRT ROU		1993	199	Europe	Plurilateral	No	Yes
EC - Romania Europe Agreement	231	1993-02-01	BEL DEU DNK ESP FRA GBR GRC IRL ITA LUX NLD PRT ROU		1993	199	Europe	Plurilateral	No	Yes
EC - Portugal Agreement of 1972	230	1972-07-22	BEL DEU DNK FRA GBR IRL ITA LUX NLD PRT		1972	197	Europe	Plurilateral	No	Yes
Dominican Republic - Central America - United States Free Trade Agreement (CAFTA-DR)	23	2004-08-05	CRI DOM GTM HND NIC SLV USA		2004	200	Central America; Caribbean; North America	Plurilateral	Yes	Yes
EC - Poland Interim Agreement of 1991	229	1991-12-16	BEL DEU DNK ESP FRA GBR GRC IRL ITA LUX NLD POL PRT		1991	199	Europe	Plurilateral	No	Yes
EC - Poland Europe Agreement	228	1991-12-16	BEL DEU DNK ESP FRA GBR GRC IRL ITA LUX NLD POL PRT		1991	199	Europe	Bilateral; One Party is an RTA	No	Yes
EC - Morocco Association Agreement of 1969	227	1969-03-31	BEL DEU FRA ITA LUX MAR NLD		1969	196	Europe; Africa	Plurilateral	Yes	Yes
EC - Malta Association Agreement	226	1970-12-05	BEL DEU FRA ITA LUX MLT NLD		1970	197	Europe	Plurilateral	No	Yes
EC - Lithuania	225	1994-07-18	BEL DEU DNK ESP FRA GBR GRC IRL ITA LTU LUX NLD PRT		1994	199	Europe	Plurilateral	No	Yes
EC - Lebanon Cooperation Agreement	224	1977-05-03	BEL DEU DNK FRA GBR IRL ITA LBN LUX NLD		1977	197	Europe; Middle East	Plurilateral	Yes	No
EC - Latvia Agreement	223	1994-07-18	BEL DEU DNK ESP FRA GBR GRC IRL ITA LUX LVA NLD PRT		1994	199	Europe	Plurilateral	No	Yes
EC - Israel Agreement of 1970	222	1970-06-29	BEL DEU FRA ISR ITA LUX NLD		1970	197	Europe; Middle East	Plurilateral	Yes	Yes
EC - Hungary Interim Agreement of 1991	221	1991-12-16	BEL DEU DNK ESP FRA GBR GRC HUN IRL ITA LUX NLD PRT		1991	199	Europe	Plurilateral	No	Yes
EC - Hungary Europe Agreement	220	1991-12-16	BEL DEU DNK ESP FRA GBR GRC HUN IRL ITA LUX NLD PRT		1991	199	Europe	Plurilateral	No	Yes
EEC - Greece Association Agreement	219	1961-07-09	BEL DEU FRA GRC ITA LUX NLD		1961	196	Europe	Plurilateral	No	Yes
EC - Greece Additional Protocol	218	1975-04-28	BEL DEU DNK FRA GBR GRC IRL ITA LUX NLD		1975	197	Europe	Plurilateral	No	Yes
EC - Finland Agreement	217	1973-10-05	BEL DEU DNK FIN FRA GBR IRL ITA LUX NLD		1973	197	Europe	Plurilateral	No	Yes
EC - Faeroe Islands Agreement of 1992	216	1991-12-02	BEL DEU DNK ESP FRA FRO GBR GRC IRL ITA LUX NLD PRT		1991	199	Europe	Plurilateral	No	No
EC - Estonia Agreement	215	1994-07-18	BEL DEU DNK ESP EST FRA GBR GRC IRL ITA LUX NLD PRT		1994	199	Europe	Plurilateral	No	Yes
EC - Egypt Cooperation Agreement	214	1977-01-18	BEL DEU DNK EGY FRA GBR IRL ITA LUX NLD		1977	197	Europe; Africa	Plurilateral	Yes	Yes
EC - Egypt Agreement of 1972	213	1972-12-18	BEL DEU EGY FRA ITA LUX NLD		1972	197	Europe; Africa	Plurilateral	Yes	Yes
EC - Czech Republic Europe Agreement	212	1993-10-04	AUT BEL CZE DEU DNK ESP FIN FRA GBR GRC IRL ITA LUX NLD PRT SWE		1993	199	Europe	Plurilateral	No	Yes
EC - Czech and Slovak Federal Republic Interim Agreement	211	1991-12-16	BEL CZE DEU DNK ESP FRA GBR GRC IRL ITA LUX NLD PRT SVK		1991	199	Europe	Plurilateral	No	Yes
EC - Cyprus Association Agreement	210	1972-12-19	BEL CYP DEU DNK FRA GBR IRL ITA LUX NLD		1972	197	Europe	Plurilateral	No	Yes
Jordan - Singapore	21	2004-05-16	JOR	SGP	2004	200	Middle East; East Asia	Bilateral	Yes	Yes
EC - Bulgaria Interim Agreement	209	1993-03-08	BEL BGR DEU DNK ESP FRA GBR GRC IRL ITA LUX NLD PRT		1993	199	Europe	Plurilateral	No	Yes
EC - Bulgaria Europe Agreement	208	1993-03-08	BEL BGR DEU DNK ESP FRA GBR GRC IRL ITA LUX NLD PRT		1993	199	Europe	Plurilateral	No	Yes
EC - Austria Agreement of 1972	207	1972-07-22	AUT BEL DEU DNK FRA GBR IRL ITA LUX NLD		1972	197	Europe	Plurilateral	No	Yes
EC - Algeria	206	1976-04-26	BEL DEU DNK DZA FRA GBR IRL ITA LUX NLD		1976	197	Africa; Europe	Plurilateral	Yes	No
Czech Republic - Turkey	205	1997-10-03	CZE	TUR	1997	199	Europe	Bilateral	No	Yes
Czech Republic - Slovenia	204	1993-12-15	CZE	SVN	1993	199	Europe	Bilateral	No	Yes
Czech Republic - Slovak Republic Customs Union	203	1992-10-29	CZE	SVK	1992	199	Europe	Bilateral	No	Yes
Czech Republic - Romania Free Trade Agreement	202	1994-10-24	CZE	ROU	1994	199	Europe	Bilateral	No	Yes
Czech Republic - Lithuania	201	1996-10-14	CZE	LTU	1996	199	Europe	Bilateral	No	Yes
Czech Republic - Latvia	200	1996-04-15	CZE	LVA	1996	199	Europe	Bilateral	No	Yes
Japan - Malaysia	20	2005-12-13	JPN	MYS	2005	200	East Asia	Bilateral	No	Yes
Egypt - Turkey	2	2005-12-27	EGY	TUR	2005	200	Africa; Europe	Bilateral	Yes	Yes
Czech Republic - Israel	199	1996-05-20	CZE	ISR	1996	199	Europe; Middle East	Bilateral	Yes	Yes
Czech Republic - Estonia	198	1996-04-19	CZE	EST	1996	199	Europe	Bilateral	No	Yes
Czech Republic - Bulgaria Free Trade Agreement	197	1995-12-15	BGR	CZE	1995	199	Europe	Bilateral	No	Yes
Croatia - Serbia and Montenegro	196	2004-01-14	HRV MNE SRB		2004	200	Europe	Plurilateral	No	No
Croatia - Former Yugoslav Republic of Macedonia	195	1997-05-09	HRV	MKD	1997	199	Europe	Bilateral	No	Yes
Croatia - Bosnia and Herzegovina	194	2000-12-19	BIH	HRV	2000	200	Europe	Bilateral	No	No
Croatia - Albania	193	2002-09-27	ALB	HRV	2002	200	Europe	Bilateral	No	Yes
Central European Free Trade Agreement (CEFTA) - Accession of Slovenia	192	1995-11-25	CZE HUN POL SVK SVN		1995	199	Europe	Plurilateral	No	Yes
Central European Free Trade Agreement (CEFTA) - Accession of Romania	191	1997-04-12	CZE HUN POL ROU SVK SVN		1997	199	Europe	Plurilateral	No	Yes
Central European Free Trade Agreement (CEFTA) - Accession of Bulgaria	190	1998-07-17	BGR CZE HUN POL ROU SVK SVN		1998	199	Europe	Plurilateral	No	Yes
EFTA - Korea, Republic of	19	2005-12-15	CHE ISL KOR LIE NOR		2005	200	Europe; East Asia	Bilateral; One Party is an RTA	Yes	Yes
Central European Free Trade Agreement (CEFTA)	189	1992-12-21	CZE HUN POL SVK		1992	199	Europe	Plurilateral	No	Yes
Central American Free Trade Area	188	1958-06-10	CRI GTM HND NIC SLV		1958	195	Central America	Plurilateral	No	Yes
Caribbean Free Trade Association (CARIFTA)	187	1965-12-15	ATG BRB DMA GRD GUY JAM KNA LCA MSR TTO VCT		1965	196	Caribbean; South America	Plurilateral	Yes	No
Canada - US Free Trade Agreement (CUSFTA)	186	1988-01-02	CAN	USA	1988	198	North America	Bilateral	No	Yes
Bulgaria - Turkey	185	1998-07-11	BGR	TUR	1998	199	Europe	Bilateral	No	Yes
Bulgaria - Slovenia	184	1996-11-22	BGR	SVN	1996	199	Europe	Bilateral	No	Yes
Bulgaria - Slovak Republic Free Trade Agreement	183	1995-12-08	BGR	SVK	1995	199	Europe	Bilateral	No	Yes
Bulgaria - Serbia and Montenegro	182	2003-11-13	BGR MNE SRB		2003	200	Europe	Plurilateral	No	No
Bulgaria - Lithuania	181	2001-05-08	BGR	LTU	2001	200	Europe	Bilateral	No	Yes
Bulgaria - Latvia	180	2002-10-16	BGR	LVA	2002	200	Europe	Bilateral	No	Yes
Bulgaria - Israel	179	2001-06-08	BGR	ISR	2001	200	Europe; Middle East	Bilateral	Yes	Yes
Bulgaria - Former Yugoslav Republic of Macedonia	178	1999-10-13	BGR	MKD	1999	199	Europe	Bilateral	No	Yes
Bulgaria - Estonia	177	2001-12-11	BGR	EST	2001	200	Europe	Bilateral	No	Yes
Bulgaria - Bosnia and Herzegovina	176	2003-10-16	BGR	BIH	2003	200	Europe	Bilateral	No	No
Borneo Free Trade Area	175	1961-10-24			1961	196	East Asia			
Australia - New Zealand Free Trade Agreement	174	1965-08-31	AUS	NZL	1965	196	Oceania	Bilateral	No	Yes
Arusha  Agreement	173	1969-09-24	BEL DEU FRA ITA KEN LUX NLD TZA UGA		1969	196	Europe; Africa	Plurilateral	Yes	Yes
Arab Common Market	172	1964-08-13	EGY IRQ JOR LBY MRT SYR YEM		1964	196	Africa; Middle East	Plurilateral	Yes	No
Albania - UNMIC/Kosovo	171	2003-07-07	ALB	RKS	2003	200	Europe	Bilateral	No	No
Albania - Serbia and Montenegro	170	2003-11-13	ALB MNE SRB		2003	200	Europe	Plurilateral	No	No
US - Bahrain	17	2005-09-14	BHR	USA	2005	200	Middle East; North America	Bilateral	Yes	Yes
Albania - Romania	169	2003-06-01	ALB	ROU	2003	200	Europe	Bilateral	No	Yes
Albania - Moldova	168	2003-11-13	ALB	MDA	2003	200	Europe; Commonwealth of Independent States (CIS)	Bilateral	Yes	Yes
Albania - Former Yugoslav Republic of Macedonia	167	2002-03-29	ALB	MKD	2002	200	Europe	Bilateral	No	Yes
Albania - Bulgaria	166	2003-03-26	ALB	BGR	2003	200	Europe	Bilateral	No	Yes
Albania - Bosnia and Herzegovina	165	2003-04-28	ALB	BIH	2003	200	Europe	Bilateral	No	No
African Common Market	164	1962-04-01	DZA GHA GIN MAR MLI		1962	196	Africa	Plurilateral	No	No
South Asian Free Trade Agreement (SAFTA)	162	2004-01-06	BGD BTN IND LKA MDV NPL PAK		2004	200	West Asia	Plurilateral	No	No
Pakistan - Malaysia	161	2007-11-08	MYS	PAK	2007	200	East Asia; West Asia	Bilateral	Yes	Yes
Malaysia - Australia	160	2012-05-22	AUS	MYS	2012	201	Oceania; East Asia	Bilateral	Yes	Yes
EU - Algeria	16	2002-04-22	AUT BEL CYP CZE DEU DNK DZA ESP EST FIN FRA GBR GRC HUN IRL ITA LTU LUX LVA MLT NLD POL PRT SVK SVN SWE		2002	200	Africa; Europe	Bilateral; One Party is an RTA	Yes	No
Korea, Republic of - US	159	2007-06-30	KOR	USA	2007	200	East Asia; North America	Bilateral	Yes	Yes
US - Oman	158	2006-01-19	OMN	USA	2006	200	Middle East; North America	Bilateral	Yes	Yes
US - Panama	157	2007-06-28	PAN	USA	2007	200	Central America; North America	Bilateral	Yes	Yes
US - Peru	156	2006-04-12	PER	USA	2006	200	South America; North America	Bilateral	Yes	Yes
Japan - Switzerland	155	2009-02-19	CHE	JPN	2009	200	East Asia; Europe	Bilateral	Yes	Yes
EFTA - Peru	154	2010-06-24	CHE ISL LIE NOR PER		2010	201	Europe; South America	Bilateral; One Party is an RTA	Yes	Yes
EFTA - Colombia	153	2008-11-25	CHE COL ISL LIE NOR		2008	200	South America; Europe	Bilateral; One Party is an RTA	Yes	Yes
ASEAN - Japan	152	2008-03-26	BRN IDN JPN KHM LAO MMR MYS PHL SGP THA VNM		2008	200	East Asia	Bilateral; One Party is an RTA	No	Yes
Japan - Australia	151	2014-07-08	AUS	JPN	2014	201	Oceania; East Asia	Bilateral	Yes	Yes
India - Japan	150	2011-02-16	IND	JPN	2011	201	West Asia; East Asia	Bilateral	Yes	Yes
Gulf Cooperation Council (GCC)	15	2001-12-31	ARE BHR KWT OMN QAT SAU		2001	200	Middle East	Plurilateral	No	Yes
Japan - Indonesia	149	2007-08-20	IDN	JPN	2007	200	East Asia	Bilateral	No	Yes
Japan - Viet Nam	148	2008-12-25	JPN	VNM	2008	200	East Asia	Bilateral	No	Yes
ASEAN - Korea, Republic of	147	2006-08-24	BRN IDN KHM KOR LAO MMR MYS PHL SGP THA VNM		2006	200	East Asia	Bilateral; One Party is an RTA	No	Yes
Canada - Rep. of Korea	146	2014-09-22	CAN	KOR	2014	201	North America; East Asia	Bilateral	Yes	Yes
EU - Korea, Republic of	145	2010-10-06	AUT BEL BGR CYP CZE DEU DNK ESP EST FIN FRA GBR GRC HUN IRL ITA KOR LTU LUX LVA MLT NLD POL PRT ROU SVK SVN SWE		2010	201	Europe; East Asia	Bilateral; One Party is an RTA	Yes	Yes
Canada - Colombia	144	2008-11-21	CAN	COL	2008	200	North America; South America	Bilateral	Yes	Yes
EFTA - Canada	143	2008-01-26	CAN CHE ISL LIE NOR		2008	200	North America; Europe	Bilateral; One Party is an RTA	Yes	Yes
Australia - Chile	142	2008-07-30	AUS	CHL	2008	200	Oceania; South America	Bilateral	Yes	Yes
Australia - China	141	2015-06-17	AUS	CHN	2015	201	Oceania; East Asia	Bilateral	Yes	Yes
EU - Montenegro	140	2007-10-15	AUT BEL BGR CYP CZE DEU DNK ESP EST FIN FRA GBR GRC HUN IRL ITA LTU LUX LVA MLT MNE NLD POL PRT ROU SVK SVN SWE		2007	200	Europe	Bilateral; One Party is an RTA	No	Yes
Pan-Arab Free Trade Area (PAFTA)	14	1997-02-19	ARE BHR EGY IRQ JOR KWT LBN LBY MAR OMN QAT SAU SDN SYR TUN YEM		1997	199	Middle East; Africa	Plurilateral	Yes	No
Pakistan - China	139	2006-11-24	CHN	PAK	2006	200	East Asia; West Asia	Bilateral	Yes	Yes
European Free Trade Association (EFTA)	138	1960-01-04	AUT CHE DNK GBR NOR PRT SWE		1960	196	Europe	Plurilateral	No	Yes
Tripartite Agreement	136	1967-12-23	EGY IND YUG		1967	196	Africa; West Asia; Europe	Plurilateral	Yes	No
EFTA - Accession of Iceland	135	1969-12-04	CHE LIE NOR		1969	196	Europe	Plurilateral	No	Yes
EU – Overseas Countries and Territories (OCT)	134	1970-09-29	ANT ATF BEL DEU FRA ITA LUX NCL NLD PYF SPM WLF		1970	197	Caribbean; Europe; Africa; South America; Oceania; North America	Plurilateral; One Party is an RTA	Yes	No
Protocol on Trade Negotiations (PTN)	133	1971-12-08	BGD BRA CHL EGY ISR KOR MEX PAK PER PHL PRY ROU TUN TUR URY YUG		1971	197	West Asia; South America; Africa; Middle East; East Asia; North America; Europe	Plurilateral	Yes	No
Global System of Trade Preferences among Developing Countries (GSTP)	132	1988-04-13	ARG BEN BGD BOL BRA CHL CMR COL CUB DZA ECU EGY GHA GIN GUY IDN IND IRN IRQ KOR LBY LKA MAR MEX MMR MOZ MYS NGA NIC PAK PER PHL PRK ROU SDN SGP THA TTO TUN TZA VEN VNM ZWE		1988	198	Africa; South America; West Asia; Caribbean; East Asia; Middle East; North America; Central America	Plurilateral	Yes	No
EU - Switzerland - Liechtenstein	131	1972-07-22	BEL CHE DEU DNK FRA GBR IRL ITA LIE LUX NLD		1972	197	Europe	Plurilateral; One Party is an RTA	No	Yes
EU - Iceland	130	1972-12-19	BEL DEU DNK FRA GBR IRL ISL ITA LUX NLD		1972	197	Europe	Bilateral; One Party is an RTA	No	Yes
EFTA - Lebanon	13	2004-06-24	CHE ISL LBN LIE NOR		2004	200	Europe; Middle East	Bilateral; One Party is an RTA	Yes	No
EU - Norway	129	1973-05-14	BEL DEU DNK FRA GBR IRL ITA LUX NLD NOR		1973	197	Europe	Bilateral; One Party is an RTA	No	Yes
Caribbean Community and Common Market (CARICOM)	128	1973-07-04	ATG BLZ BRB DMA GRD GUY JAM KNA LCA MSR TTO VCT		1973	197	Caribbean; Central America; South America	Plurilateral	Yes	No
Asia Pacific Trade Agreement (APTA)	127	1975-07-31	BGD IND KOR LAO LKA		1975	197	West Asia; East Asia	Plurilateral	Yes	Yes
Australia - Papua New Guinea (PATCRA)	126	1976-11-06	AUS	PNG	1976	197	Oceania	Bilateral	No	Yes
EU - Syria	125	1977-01-18	BEL DEU DNK FRA GBR IRL ITA LUX NLD SYR		1977	197	Europe; Middle East	Bilateral; One Party is an RTA	Yes	No
South Pacific Regional Trade and Economic Cooperation Agreement (SPARTECA)	124	1980-07-14	AUS COK FJI FSM KIR MHL NIU NRU NZL PNG SLB TON TUV VUT WSM		1980	198	Oceania	Plurilateral	No	No
Australia - New Zealand (ANZCERTA)	122	1982-12-14	AUS	NZL	1982	198	Oceania	Bilateral	No	Yes
US - Israel	121	1985-04-22	ISR	USA	1985	198	Middle East; North America	Bilateral	Yes	Yes
Lao People's Democratic Republic - Thailand	120	1991-06-20	LAO	THA	1991	199	East Asia	Bilateral	No	Yes
Turkey - Syria	12	2004-12-23	SYR	TUR	2004	200	Middle East; Europe	Bilateral	Yes	No
Southern Common Market (MERCOSUR)	119	1991-03-26	ARG BRA PRY URY		1991	199	South America	Plurilateral	No	Yes
EFTA - Turkey	118	1991-12-10	CHE ISL LIE NOR TUR		1991	199	Europe	Bilateral; One Party is an RTA	No	Yes
Economic Cooperation Organization (ECO)	117	2003-07-17	IRN PAK TUR		2003	200	Middle East; West Asia; Europe	Plurilateral	Yes	No
Andean Community (CAN)	116	1987-05-12	BOL COL ECU PER VEN		1987	198	South America	Plurilateral	No	Yes
ASEAN Free Trade Area (AFTA)	115	1992-01-28	BRN IDN KHM LAO MMR MYS PHL SGP THA VNM		1992	199	East Asia	Plurilateral	No	Yes
EFTA - Israel	114	1992-09-17	CHE ISL ISR LIE NOR		1992	199	Europe; Middle East	Bilateral; One Party is an RTA	Yes	Yes
South Asian Preferential Trade Arrangement (SAPTA)	113	1993-04-11	BGD BTN IND LKA MDV NPL PAK		1993	199	West Asia	Plurilateral	No	No
North American Free Trade Agreement (NAFTA)	112	1992-12-17	CAN MEX USA		1992	199	North America	Plurilateral	No	Yes
Common Market for Eastern and Southern Africa (COMESA)	111	1993-11-05	AGO BDI COM ERI ETH KEN LSO MUS MWI RWA SDN SWZ TZA UGA ZMB ZWE		1993	199	Africa	Plurilateral	No	No
EC Treaty	110	1957-03-25	BEL DEU FRA ITA LUX NLD		1957	195	Europe	Plurilateral	No	Yes
EU - Albania	11	2006-06-12	ALB AUT BEL CYP CZE DEU DNK ESP EST FIN FRA GBR GRC HUN IRL ITA LTU LUX LVA MLT NLD POL PRT SVK SVN SWE		2006	200	Europe	Bilateral; One Party is an RTA	No	Yes
EU - Turkey	109	1995-03-06	AUT BEL DEU DNK ESP FIN FRA GBR GRC IRL ITA LUX NLD PRT SWE TUR		1995	199	Europe	Bilateral; One Party is an RTA	No	Yes
Faeroe Islands - Iceland	108	1992-08-06	FRO	ISL	1992	199	Europe	Bilateral	No	No
Faroe Islands - Switzerland	107	1994-01-12	CHE	FRO	1994	199	Europe	Bilateral	No	No
Faroe Islands - Norway	106	1992-08-28	FRO	NOR	1992	199	Europe	Bilateral	No	No
European Economic Area (EEA)	105	1992-05-02	BEL DEU DNK ESP FRA GBR GRC IRL ISL ITA LIE LUX NLD NOR PRT		1992	199	Europe	Plurilateral; One Party is an RTA	No	Yes
Canada - Israel	104	1996-07-31	CAN	ISR	1996	199	North America; Middle East	Bilateral	Yes	Yes
EU - Faroe Islands	103	1996-12-06	AUT BEL DEU DNK ESP FIN FRA FRO GBR GRC IRL ITA LUX NLD PRT SWE		1996	199	Europe	Bilateral; One Party is an RTA	No	No
EU - Palestinian Authority	102	1997-02-24	AUT BEL DEU DNK ESP FIN FRA GBR GRC IRL ITA LUX NLD PRT PSE SWE		1997	199	Europe; Middle East	Bilateral; One Party is an RTA	Yes	No
Canada - Chile	101	1996-12-05	CAN	CHL	1996	199	North America; South America	Bilateral	Yes	Yes
EU - Andorra	100	1991-06-28	AND BEL DEU DNK ESP FRA GBR GRC IRL ITA LUX NLD PRT		1991	199	Europe	Bilateral; One Party is an RTA	No	No
Panama - Singapore	10	2006-03-01	PAN	SGP	2006	200	Central America; East Asia	Bilateral	Yes	Yes
Japan - Thailand	1	2007-04-03	JPN	THA	2007	200	East Asia	Bilateral	No	Yes
